week,date,rank,skater,trick,line,switch,stance,slowmo,replayed,slam,NY,oddball,obstacle,obstacledetail,location,notes,points,video,videotype,company,ig
1,1/7/22,10,Jahmal Williams,wallie to fs 5050,,,regular,,1,,,,ledge,barrier,,,1,Hopps x Labor,company,Hopps,
1,1/7/22,9,Luke Graffis,fs tailslide to fs bigspin,1,,regular,,,,,,ledge,,,,2,Norma,homie,,
1,1/7/22,8,Forest Bailey,bs tailslide to fakie,,,regular,1,,,,,curb,curved ledge,,,3,Leap Year,homie,,
1,1/7/22,7,Kyler Garrison,drop to sw manual to sw ollie,,1,regular,1,1,,1,1,gap,gap to pad to gap,D7,quick feet,4,Hopps x Labor,company,Hopps,
1,1/7/22,6,Tyree Johnson,deck bonk to nosegrind,,,regular,1,1,,,1,ledge,bench,,,5,Leap Year,homie,,
1,1/7/22,5,Aidan Olmstead,ride-on bs 5050 to ride-on bs 5050,,,regular,,,,,,flat rail,rail to rail,,,6,Leap Year,homie,,
1,1/7/22,4,Thanos Panou,bs 5050 to bs 5050,,,regular,1,,1,1,,ledge,ledge to rail,,,7,Misinformation,solo,,
1,1/7/22,3,Zach McBride,bs wallie,,,regular,,,1,,,wall,into bank,,,8,Norma,homie,,
1,1/7/22,2,Jasper Stieve,fs 180 to sw fs nosegrind,,,regular,,,,1,,ledge,outledge,Pyramid Ledges,,9,Visitors,solo,Picture Show,
1,1/7/22,1,Samuel Dietzel,kickflip,,,regular,1,,,,,stairs,stairs to disaster,Karlsplatz,into stairs,10,The Karlsplatz Video,homie,Turtle Productions,
2,1/14/22,10,Naoya Kato,ollie to ollie to ollie,1,,regular,,,,1,,pad,pad to chain,,quick feet,1,Peace n Love V.3,homie,,
2,1/14/22,9,Ish Cepeda,shuv to manual to fs 180,1,,regular,,,,,,pad,,Germany,,2,Plazacation: Berlin,company,Thrasher,
2,1/14/22,8,Ariana Spencer,kickflip,,,regular,1,1,,,,gap,,,woman,3,Pilot,solo,,
2,1/14/22,7,Nick Lane,ride-on 5050 to shuv,,,regular,1,,,1,1,flat rail,,,,4,Videobrain,homie,,
2,1/14/22,6,Cooper Latimer,bs blunt to bs blunt to fakie,1,,regular,,,,,1,ledge,ledge to ledge,Santa Monica ledges,super sick,5,Coop,solo,,
2,1/14/22,5,Issei Morinaka,sw fs 360,1,1,switch,,,,,,stairs,,,5 trick line,6,Peace n Love V.3,homie,,
2,1/14/22,4,Chris Athans,pole jam to manual to pole jam,1,,regular,,,,,,pole jam,pole jam flat pole jam,SF Hills,6 trick line,7,Deep Dish x Snack 2022,company,Deep Dish,
2,1/14/22,3,Patrick Rogalski,fs nosegrind to nollie kickflip,,,regular,1,1,1,,,ledge,into bank,Germany,,8,Plazacation: Berlin,company,Thrasher,
2,1/14/22,2,Leonardo Bodelazzi,nollie,,,nollie,,,,,,gap,flat gap,Universitat,,9,Leozinho,solo,,
2,1/14/22,1,Nick Matthews,bs lipslide,,,regular,1,1,,1,,ledge,gap to ledge,,HUF tribute,10,Venture x Uprise,company,Venture,
3,1/21/22,10,Evan Wasser,bs 180 to sw bs 5-0 to sw fs 180,,,regular,,,,,,ledge,bank to ledge,indoor park,,1,,,,1
3,1/21/22,9,Trevor Thompson,bs 180 to fakie manual to halfcab,1,,regular,,1,,,,pad,ledge to pad,,quick feet,2,Street Fighter II,company,WKND,
3,1/21/22,8,Jake Lemmonds,fs 5050 to ollie,,,regular,1,1,,1,,handrail,up rail to gap,,,3,Til It’s Gone,homie,,
3,1/21/22,7,Andrew Considine,slappy bs crook to bs 180,,,regular,1,1,,,,transition,street transition,,,4,Street Fighter II,company,WKND,
3,1/21/22,6,Alan Bell,fs tailslide to kickflip,,,regular,,,1,,,ledge,hubba,NYC hubba to ledge,,5,Til It’s Gone,homie,,
3,1/21/22,5,Vinicius Costa,bs blunt to fakie,1,,regular,,,,,,handrail,,,,6,Na Missão Cut #01,homie,,
3,1/21/22,4,Noah Singleton,ride-on 5050,,,regular,,1,1,1,,ledge,outledge,,,7,Til It’s Gone,homie,,
3,1/21/22,3,Na-Kel Smith,nollie hardflip,1,,nollie,1,1,,,,stairs,,,,8,,,FA,1
3,1/21/22,2,KB,kickflip to bs tailslide to bs 360,,,regular,1,1,,,1,ledge,,,,9,,,FA,1
3,1/21/22,1,Shaun Paul,bs noseslide,,,regular,1,1,1,,,ledge,ledge to gap,,,10,NorthUnda,solo,DC Shoes,
4,1/28/22,10,Henry Gibbs,fs 5050,,,regular,,,1,,,flat rail,keyhole,,keyhole + my roommate atm lol,1,Grey Part,solo,Grey,
4,1/28/22,9,Kaito Sagawa,deck bonk  ,,,regular,1,1,,,1,flat rail,into bank,,,2,,,,
4,1/28/22,8,Alex Yost,bs boardslide,,,regular,1,,,,,handrail,into bank,,,3,Due$ Paid,solo,,
4,1/28/22,7,Hugo Boserup,fs 5050,1,,regular,,,,,1,transition,on chains,wooden bowl,impossible to log,4,,,,1
4,1/28/22,6,Leo Favaro,halfcab to fs noseslide,1,,fakie,,,,,,ledge,outledge,,,5,Spiritualized,solo,,
4,1/28/22,5,Cooper Winterson,nose manual to bs nosegrind to nose manual,1,,regular,1,,,1,,pad,pad to ledge to pad,Rosalyn Banks?,,6,Shepherd,solo,,
4,1/28/22,4,Erildo Boccacci,sw kickflip to sw bs tailslide,1,1,switch,,,,,,ledge,,,,7,BMG SHAWTY,homie,,
4,1/28/22,3,Jiro Platt,fs lipslide,1,,regular,,1,,,,handrail,,,,8,Time Traveling,solo,,
4,1/28/22,2,Austyn Gillette,fs noseslide to fs 270,,,regular,1,,,1,,ledge,,Flushings Fountain,,9,Re Est,company,Globe,
4,1/28/22,1,Nick Garcia,bs 5-0 to fs 180,,,regular,,1,1,,,ledge,into bank,,euramp,10,Flowers for Mom,company,Element,
5,2/4/22,10,Cyprus Blanco,kickflip to bs lipslide,,,regular,,1,,,,curb,bump to curb,,,1,driveby,homie,,
5,2/4/22,9,Max Palmer,fs nosegrind transfer,1,,regular,,,, ,,flat rail,out rail,,quick feet,2,Inside Out,company,Carhartt WIP,
5,2/4/22,8,Pete Tirelli,no comply,,,regular,1,1,, ,1,flat,over can,,,3,Inside Out,company,Carhartt WIP,
5,2/4/22,7,Sylvain Tognell,fullcab to sw bs 5050,,,fakie,1,1,,,,curb,gap to curb,,,4,Inside Out,company,Carhartt WIP,
5,2/4/22,6,Justice Lora,360 flip,,,regular,,,,,,gap,into bank,,,5,driveby,homie,,
5,2/4/22,5,Felipe Bartolome,bs boardslide,,,regular,,,,,1,hubba,curved hubba,,into stairs,6,Inside Out,company,Carhartt WIP,
5,2/4/22,4,Remy Taveira,ollie to ollie to ollie,1,,regular,,1,,,,bank,bank to bank to bank,,quick feet,7,Inside Out,company,Carhartt WIP,
5,2/4/22,3,Aiden Mackey,taildrop to 5050,,,regular,1,1,,,1,handrail,,,,8,Randy Farkus,company,FA,
5,2/4/22,2,Deedz,fs blunt to kickflip,,,regular,1,,,,,handrail,,,,9,Deedz Deedz Deedz,solo,,
5,2/4/22,1,Ibu Sanyang,heelflip,1,,regular,1,1,,,,gap,flat gap,,ollie over motorcycle first,10,Inside Out,company,Carhartt WIP,
6,2/11/22,10,Jeremy Murray,fakie ollie to sw fs crook,1,,fakie,,,,,,ledge,,,,1,,,,1
6,2/11/22,9,Leo Cholet,sw fs kickflip,1,1,switch,,,,,,flat,over ledge,,mirror line,2,Doukrez,homie,,
6,2/11/22,8,Jonas Daater,fs blunt to shuv,,,regular,,1,,,,handrail,,,,3,DVA,homie,,
6,2/11/22,7,Gary Almeida,sw fs shuv to sw manual to sw fs shuv,,1,switch,,,,,,pad,,,,4,croons theatre,homie,,
6,2/11/22,6,Mike Anderson,sw wallride to sw bs noseslide,,1,switch,,,,,,ledge,wall to ledge,,,5,Middle Earth,company,Cons x Krooked,
6,2/11/22,5,Gustav Tonnesen,sw kickflip to sw manual to sw ollie,,1,switch,,1,,,,pad,flat,,,6,Doukrez,homie,,
6,2/11/22,4,Emile Laurent,bs crook,,,regular,,1,1,,,handrail,,,,7,,,,1
6,2/11/22,3,Stepan Baras,bs tailslide,1,,regular,,,,,,ledge,outledge,,euramp,8,DVA,homie,,
6,2/11/22,2,Tim Debauche,manual,1,,regular,,,1,,1,pad,into bank,,,9,Doukrez,homie,,
6,2/11/22,1,Victor Campillo,bs 180 to sw manual to sw fs 360,,,regular,,,,,,pad,,,,10,Victor,company,Helas,
7,2/18/22,10,Sully Cormier,melon bash,,,regular,,,,,,stairs,sign on stairs,,,1,Baker Video,company,Baker,
7,2/18/22,9,Marca Barbier,fs crook to fakie,,,regular,1,1,,,,ledge,,,,2,,,,
7,2/18/22,8,John Gardner,fs 5-0,,,regular,1,1,1,,,ledge,outledge,,,3,,,,
7,2/18/22,7,Brianna Delaney,ride-on bs tailslide,1,,regular,,,,,,ledge,,,,4,,,,
7,2/18/22,6,Eric Swick,nose manual to bs nosegrind to nose manual drop nose manual,,,regular,,,,,,pad,,,combo,5,,,,
7,2/18/22,5,Zach Allen,bs 360 kickflip,1,,regular,,1,,,,stairs,,,,6,Baker Video,company,Baker,
7,2/18/22,4,Neil Herrick,bs boardslide,,,regular,,1,,,,flat rail,bump to bar,,,7,,,,
7,2/18/22,3,Rowan Zorilla,bs boardslide to sw fs 5050,,,regular,1,1,,,,handrail,handrail to ledge,,2 clips,8,Baker Video,company,Baker,
7,2/18/22,2,Kader Sylla,bs noseblunt,1,,regular,1,,,,,ledge,table,,,9,Baker Video,company,Baker,
7,2/18/22,1,Andrew Reynolds,varial heelflip,,,regular,,,,,,stairs,,Bay triple set,,10,Baker Video,company,Baker,
8,2/25/22,10,Etienne Gagne,bs boardslide to bridge slide to fakie,,,regular,,,,,1,ledge,benches,,build a spot,1,,,,1
8,2/25/22,9,Nick Persico,bs tailslide to bs kickflip,,,regular,,,,,,ledge,,,,2,Catalyst,homie,,
8,2/25/22,8,Jack Olson,sw bs tailslide to bs wallride,,1,switch,,,,,1,ledge,ledge to wall,,,3,Clip Town USA,homie,,
8,2/25/22,7,John Shanahan,nollie bs 180 to sw fs nosegrind,1,,nollie,,,,1,,ledge,,,,4,,,,1
8,2/25/22,6,Mike Lemnitzer,ride-on fs lipslide to fakie,,,nollie,,,,,,flat rail,,,,5,Clip Town USA,homie,,
8,2/25/22,5,Jeremiah Gray,360 flip,,,regular,1,1,,,,gap,over rail,,,6,Catalyst,homie,,
8,2/25/22,4,Christian Wood,bs crook bonk,1,,regular,,,,,,ledge,outledge,,,7,Bond Volume 2 - AMF,homie,,
8,2/25/22,3,Dalton Jones,wallie to bs boardslide,,,regular,,,,,1,handrail,,,,8,Clip Town USA,homie,,
8,2/25/22,2,Kyle Wilson,sw bs 180,,1,switch,,,,,,gap,,south bank,,9,,,,1
8,2/25/22,1,Pat Gallaher,kickflip to bs noseslide to fakie,,,regular,,,,,,ledge,into bank,,triple replay,10,Clip Town USA,homie,,
9,3/4/22,10,Ville Wester,bs tailslide to bs 270,,,regular,,1,,,,flat rail,,skate park,triple replay,1,,,,1
9,3/4/22,9,Sean Davis,sw fs 360,1,1,switch,,1,,,,stairs,,,triple replay,2,Mother Road,company,Grains,
9,3/4/22,8,Kyle Dekker,wallie,,,regular,1,1,,,,curb,over fence,,,3,Mother Road,company,Grains,
9,3/4/22,7,Spencer Semien,varial heelflip,1,,regular,,,,,,gap,,,,4,Film Trucks,solo,,
9,3/4/22,6,Rodrigo TX,fakie kickflip to sw fs 5-0,1,,fakie,,,,,,ledge,outledge,,,5,Guest Pro,company,Krooked,
9,3/4/22,5,Nik Stain,bs crook,,,regular,,,,,,hubba,,,,6,M003,company,Miles Grip,
9,3/4/22,4,Louie Lopez,fs lipslide,,,regular,1,1,,,,ledge,bump to dumpster,,,7,M003,company,Miles Grip,
9,3/4/22,3,Alexis Lacroix,fs 5050,1,,regular,,,,,1,flat rail,bank to rail,,in the snow,8,,,,1
9,3/4/22,2,Shane Farber,kickflip,1,,regular,,,,,1,gap,,,quick feet,9,Cons part,solo,,
9,3/4/22,1,Jordan Thackeray,fs kickflip,,,regular,1,1,,,,transition,street transition,,,10,Pre-Op,solo,,
10,3/11/22,10,Samantha Secours,fs 5050 to bs bigspin,,,regular,,,1,,,ledge,,,woman,1,Das Bolts,company,Boltswagen,
10,3/11/22,9,Tom Wright,bs tailslide to bs body varial,1,,regular,,1,,,1,ledge,,,,2,Das Bolts,company,Boltswagen,
10,3/11/22,8,Samuel Norgren,no compy to fs blunt to fakie,1,,regular,,1,,,1,ledge,,Hotel De Ville,,3,Clouds,company,Poetic Collectic,
10,3/11/22,7,Mason Cluett,shuv to fs blunt to fakie,,,regular,1,1,1,,,flat rail,bench,,,4,Das Bolts,company,Boltswagen,
10,3/11/22,6,Vitoria Mendonça,heelflip to bs crook,,,regular,,,,,,ledge,,,woman,5,For Us All,solo,,
10,3/11/22,5,Spanky,wallie to bs boardslide,,,regular,,1,,,1,ledge,triple drop,,,6,Horses,solo,,
10,3/11/22,4,Ty Stigney,kickflip to transfer fs noseslide,,,regular,,,,,,ledge,bump to ledge,,2 clips,7,Slingshot,solo,,
10,3/11/22,3,Felipe Bartolome,bs wallride to bs 180 melon,,,regular,,,,,,wall,,CDMX,,8,Perro Sismico,solo,,
10,3/11/22,2,Jason Rainbird,360 flip,1,,regular,,,,,,gap,,,,9,Passport x Nike SB,company,Passport x Nike SB,
10,3/11/22,1,Jack O'Grady,fs lipslide,,,regular,,,1,,,flat rail,gap to rail,,,10,Passport x Nike SB,company,Passport x Nike SB,
11,3/18/22,10,Judah Bubes,kicklip to manual to bs 5050,,,regular,,,,,,pad,pad to ledge,,combo,1,Sparks,company,Melodi,
11,3/18/22,9,Akobi Williams,bs boardslide,,,regular,1,1,1,1,,curb,gap to curb,,,2,Sparks,company,Melodi,
11,3/18/22,8,Ryan Thompson,fs noseblunt,,,regular,,,,,,ledge,curved ledge,,,3,R11VM,company,Roger,
11,3/18/22,7,Reese Barton,fs 5050,1,,regular,,,,,,flat rail,into bank,,,4,R11VM,company,Roger,
11,3/18/22,6,Max Taylor,sw fs 180 to fs 5-0,,1,switch,,1,1,,,ledge,into bank,,,5,R11VM,company,Roger,
11,3/18/22,5,Yosef Bubes,bs 180,1,,regular,,,1,,,stairs,,,,6,Sparks,company,Melodi,
11,3/18/22,4,Bear Myles,slappy fs crook to nose manual to fs noseslide to fakie,,,regular,1,1,,,1,ledge,to pad to ledge,lloyds,combo,7,Some Bear Myles 4 You,solo,,
11,3/18/22,3,Ville Wester,bs 5050 to fs shuv to bs 5050,,,regular,,1,,,,ledge,to hubba,,really cool,8,Oski & Friends: A Bit About Sharks,company,Nike SB,
11,3/18/22,2,Oski,bs 180 to bs 5-0 stall to tail drop,,,regular,,1,,,,ledge,into bank,,,9,Oski & Friends: A Bit About Sharks,company,Nike SB,
11,3/18/22,1,Kader Sylla,kickflip,,,regular,1,1,,,,stairs,,,quadruple replay,10,KaderAdidas,solo,,
12,3/25/22,10,Hiroki Muraoka,bs nose bonk to nollie shuv,1,,regular,,,,,1,ledge,,,,1,BEAT,homie,,
12,3/25/22,9,Hugo Balek,casper stall,,,regular,1,1,,,1,bank,,,,2,,,,1
12,3/25/22,8,Ryan Lay,nollie to fs noseblunt,1,,nollie,,,,,,ledge, ,,5 trick line,3,D.R in Color,homie,,
12,3/25/22,7,Agata Halikowska,ollie,,,regular,,,1,,,flat,into bank,,woman,4,Grey Area,homie,,
12,3/25/22,6,Jordan Trahan,kickflip,,,regular,1,1,,,,gap,bump to gap,,,5,Upper Cruster,company,Chocolate x Herschel,
12,3/25/22,5,Rowan Davis,fakie 360 flip,,,fakie,1,1,,,,gap,bump to gap,,,6,Am Scramble 2021,company,Thrasher,
12,3/25/22,4,Sammy Baca,kickflip,,,regular,,,,,,gap,into bank,,,7,Shrimp Blunt,company,Shake Junt,
12,3/25/22,3,Jamie Foy,fakie kickflip to sw bs crook,1,,fakie,1,,,,,ledge,,,,8,Shrimp Blunt,company,Shake Junt,
12,3/25/22,2,Frankie Decker,no comply,,,regular,1,1,,,,gap,,,triple replay,9,Am Scramble 2021,company,Thrasher,
12,3/25/22,1,Ishod Wair,fs noseslide,,,regular,1,1,,,,ledge,,Bay Blocks,,10,Real Presents: Ishod,,,
13,4/1/22,10,Rob Maatman,bs lipslide to bs tailslide,1,,regular,,,,,1,ledge,,,so sick,1,Rob Maatman for Pop '22 Hardware,company,Pop 22 Hardware,
13,4/1/22,9,Shoma Takeda,bs nosegrind,1,,regular,,,,,1,ledge,,,,2,Man Who 3,homie,,
13,4/1/22,8,Brian O'Dwyer,fs heelflip,1,,regular,,,,,,gap,over can,Muni,,3,Some Pulp,company,OJ Wheels,
13,4/1/22,7,Marina Gabriela,hardflip,1,,regular,,,,,,stairs,,,woman,4,Al Carrer x Crupie,company,Al Carrer x Crupie,
13,4/1/22,6,Hart Pullman,kickflip,,,regular,,,,,1,gap,,,,5,Angel,homie,,
13,4/1/22,5,Ivan Glenney,fs tailslide to kickflip to fakie,,,regular,1,1,,,,ledge,bump to ledge,,,6,Angel,homie,,
13,4/1/22,4,Theo Dabadie,kickflip,1,,regular,,1,,,1,bank,escalator,,,7,,,,1
13,4/1/22,3,Robin DeWitt,nollie fs kickflip to sw fs 5-0,,,nollie,1,1,,,,ledge,,,,8,Form Follows Function,solo,,
13,4/1/22,2,Tiago Lemos,sw fs heelflip,1,1,switch,1,,,,,stairs,,,,9,Al Carrer x Crupie,company,Al Carrer x Crupie,
13,4/1/22,1,Bobby Worrest,sw bs noseblunt,,1,switch,1,1,,,,handrail,,,triple replay,10,Styx,solo,Krooked,
14,4/8/22,10,Kyler Garrison,fs 5050 to bs 360,,,regular,1,1,,,,ledge,outledge,,,1,kg.,solo,,
14,4/8/22,9,Dani Lebron,fakie hardflip to sw bs noseslide to regular,1,,fakie,,,,,,ledge,,ancient columns spot,,2,Titus,solo,,
14,4/8/22,8,Joey O'Brien,bs 180 to sw fs 5-0,1,,regular,,,,,,ledge,banked ledge,,,3,Mark Suciu S.O.T.Y. Trip,company,Thrasher,
14,4/8/22,7,Jace Detomasso,fakie heelflip,,,fakie,,,,,,gap,into bank to drop,,,4,DUPLEX 3,homie,,
14,4/8/22,6,Jake Sanso,sw fs kickflip,,1,switch,,1,,1,,stairs, ,tekashi 10,,5,DUPLEX 3,homie,,
14,4/8/22,5,Tom Knox,ride-on bs nosegrind,1,,regular,,,,,,ledge,curb,, ,6,Mark Suciu S.O.T.Y. Trip,company,Thrasher,
14,4/8/22,4,Theo Meas,hardflip to manual,1,,regular,,1,,,,pad,,,,7,Tuany,homie,,
14,4/8/22,3,Alan Bell,kickflip,,,regular,1,1,,,,gap,into bank,,two angles two fits,8,it's all good,homie,,
14,4/8/22,2,Leo Heinert,fs 5050,,,regular,,,,1,1,hubba,up hubba,NYC hubba to ledge,into stairs,9,PROdemic,solo,,
14,4/8/22,1,Eric Riedl,sw kickflip to sw bs tailslide,1,1,switch,,,,,,ledge,,,,10,Dime Remix,homie,,
15,4/15/22,10,Leo Banuelos,bs 180 revert to fakie manual to halfcab,,,regular,,,,,,pad,pad to bank,,,1,Ruining Skateboarding,company,There,
15,4/15/22,9,Jessyka Bailey,kickflip to fakie,,,regular,,,,,,bank,,,woman,2,Ruining Skateboarding,company,There,
15,4/15/22,8,Joseph Biais,fs lipslide to fakie,,,regular,,,,,,hubba,hubba to ledge,,,3,I Missed You,company,Rassvet,
15,4/15/22,7,Tolya Titaev,360 flip to fs 5050,,,regular,1,,1,,,curb,gap to curb,,,4,I Missed You,company,Rassvet,
15,4/15/22,6,Cambryan Sedlick,ride-on 5050,,,regular,,,,,,flat rail,bank to rail,,,5,I Missed You,company,Rassvet,
15,4/15/22,5,Patrick Cannon,kickflip,1,,regular,,,,,,stairs,,,,6,Money Time,homie,,
15,4/15/22,4,Robby Bootes,heelflip to bs lipslide,,,regular,1,1,,,,ledge,outledge,Union Square,,7,The Union Square Video,homie,,
15,4/15/22,3,Gabriel Bjorsvik,fs 180 to sw bs crook to normal,,,regular,,,,,,ledge,,,,8,Gabriel og Bjarne,homie,,
15,4/15/22,2,Justin Henry,kickflip to fs 5050,1,,regular,,,,1,,handrail,,Museum of Natural History,,9,airboat,company,Quasi,
15,4/15/22,1,Chris Athans,impossible,1,,regular,,,,,,gap,stairs,Union Square,7 trick line,10,The Union Square Video,homie,,
16,4/22/22,10,Efron Danzig,heelflip,1,,regular, , ,,1,,stairs,,,woman,1,THE VIOLET PROMO,company,Violet,
16,4/22/22,9,Enrique Lorenzo,fs noseblunt to nollie fs shuv to sw bs crook to fakie,,,regular,1,1,,, ,ledge,,Sants,,2,Terminal 002,company,eS,
16,4/22/22,8,Troy Gipson,fakie hardflip,1,,fakie,,,,,,stairs,,EMB,,3,THE VIOLET PROMO,company,Violet,
16,4/22/22,7,Christian Henry,wallride to bs crook to nollie shuv,,,regular,,,,,,ledge,bank to wall to ledge,,,4,Anniversary,company,Dickies,
16,4/22/22,6,Shag,fs shuv to bs 5050,,,regular,,,,,,ledge,,Mama's Roayl ledge,,5,Ruining Skateboarding,company,There,
16,4/22/22,5,Kris Brown,fakie kickflip,1,,fakie,,,,1,,gap,,Museum of Natural History,,6,THE VIOLET PROMO,company,Violet,
16,4/22/22,4,Auguste Bouznad,ride-on sw bs crook,,1,switch,,,,,1,ledge,escalator,,,7,THE VIOLET PROMO,company,Violet,
16,4/22/22,3,Bone Stallone,ollie,,,regular,1,1,,1,,gap,,Con-Ed Banks,triple replay,8,Slice N Dice Tour,homie,,
16,4/22/22,2,Ryan Lay,bs noseslide to nollie kickflip,,,regular,,,,,1,ledge,curved ledge,,around hydrant,9,Sci Fi Fantasy,solo,,
16,4/22/22,1,Heitor Da Silva,bs noseblunt to fakie,,,regular,,,,,,ledge,curved ledge,Paris curved ledge,,10,Vice Versa Love,solo,,
17,4/29/22,10,James Alby,slappy bs smith,,,regular,,1,,,,curb,,,2 clips,1,,,,1
17,4/29/22,9,Myles Willard,fakie shuv to fakie manual to sw bs lipslide,,,fakie,,,,,,pad,pad to ledge,,combo,2,Myles & The Machine,solo,,
17,4/29/22,8,Felipe Oliveira,shuv to fs noseslide to transfer fakie,1,,regular,,,,,1,ledge,,,,3,Rogue One,Company,ASCO X WORLDXIT'S,
17,4/29/22,7,Mike Anderson,fs 5050 to bs 5050,1,,regular,,1,,,,curb,curb to curb,,,4,Blackhole,solo,Spitfire,
17,4/29/22,6,Victor Hoglund,sw inward heelflip,,1,switch,1,1,,,,gap,over block,,,5,Expansion,company,Troposphere,
17,4/29/22,5,Aleksi Suovaara,bs kickflip to sw bs 5-0,,,regular,1,1,,,,ledge,bump to ledge,,,6,Expansion,company,Troposphere,
17,4/29/22,4,Tyler Nelson,heelflip to bs crook,,,regular,1,1,,1,,hubba, ,blubba,triple replay,7,,,,1
17,4/29/22,3,Tyson Peterson,bs 180 to sw bs 5-0 to sw bs 180,,,regular,1,,,,,handrail,,,,8,Baker Video With Tyson & T Funk,company,Baker,
17,4/29/22,2,Figgy,bs crook,,,regular,,1,,,,handrail,double kink,,,9,Baker Video With Tyson & T Funk,company,Baker,
17,4/29/22,1,T Funk,ollie,,,regular,,1,,,,gap,bank,china banks,,10,Baker Video With Tyson & T Funk,company,Baker,
18,5/6/22,10,Spanky,sw bs slappy crook to normal,1,1,switch,,1,,,1,curb,,,quick feet,1,,,,1
18,5/6/22,9,Zach Ferguson,360 flip to bs noseslide to fakie,,,regular,,,, ,,ledge,,,,2,Dais,company,Kadence Skateboards,
18,5/6/22,8,Leo Baker,nollie heelflip to nose manual,,,nollie,1,1,,,,pad,pad to drop,,,3,wick & spit,company,Glue Skateboards,
18,5/6/22,7,Louie Lopez,shuv to fs blunt,1,,regular,,1,,,,flat rail,,,6 trick line,4,,,,1
18,5/6/22,6,TJ Rogers,fs noseslide to fs shuv,,,regular,,,,,,ledge,outledge,,,5,Dais,company,Kadence Skateboards,
18,5/6/22,5,Harry Lintell,sw hardflip,,1,switch,1,1,,,,gap,flat gap,,,6,Postcard,solo,,
18,5/6/22,4,Donovan Wildfong,kickflip to bs body varial,,,regular,1,1,,1,,gap,,,NYC gap,7,wick & spit,company,Glue Skateboards,
18,5/6/22,3,Jaako Ojanen,bs smith,,,regular,,,,,1,flat rail,out rail,,into stairs,8,Manana,solo,,
18,5/6/22,2,Tallys Jr.,bs 180 to sw bs 5-0 to sw fs shuv,,,regular,1,,,,,hubba,,,,9,MKD,solo,,
18,5/6/22,1,Hermann Stene,fakie heelflip,1,,fakie,,,,,,stairs,,Oakland courthouse,,10,Welcome to Thunder Trucks,solo,Thunder,
19,5/13/22,10,Jordan Trahan,bs front foot no comply,,,regular,1,1,,,1,transition,street transition,,,1,The Pepper Promo,company,Pepper Grip,
19,5/13/22,9,Ville Nystrom,halfcab to transfer bs noseblunt,1,,fakie,1,,,,,ledge,ledge to drop,,,2,Manana,company,El Rio Grind,
19,5/13/22,8,Arthur Ribeiro,halfcab to bs noseblunt to fakie,,,fakie,1,1,,,1,ledge,banked ledge,,,3,Veredas,company,Converse,
19,5/13/22,7,Ibu Sanyang,360 flip,1,,regular,,,,,,gap,over can,,,4,Papi,company,Tangram Division,
19,5/13/22,6,Louie Lopez,bs kickflip,1,,regular,,,,,,bank,,,,5,Veredas,company,Converse,
19,5/13/22,5,Felipe Oliveira,wallie to bs crook,,,regular,1,,,,,ledge,,,,6,Veredas,company,Converse,
19,5/13/22,4,Kaue Cossa,wallie to bs tailslide to bs kickflip,,,regular,,,,,,ledge,,,,7,Veredas,company,Converse,
19,5/13/22,3,Lucien Genand,bump-n-jump nollie to fs 5050,,,regular,1,1,,,1,curb,gap to curb,,triple replay,8,Boardslide hood,solo,,
19,5/13/22,2,Kevin Braun,fullcab kickflip,,,fakie,1,1,,,,gap,over pad,pier 7,triple replay,9,Pier 7 Part,solo,,
19,5/13/22,1,Tyshawn Jones,nollie fs heellip,,,nollie,,,,1,,flat,over can,,,10,,,,1
20,5/20/22,10,Axel Berggren,nollie bs 180,1,,nollie,,1,,,,stairs,,,,1,Sour Solution III,company,Sour Skateboards,
20,5/20/22,9,Vincent Huhta,bs feeble,,,regular,,1,,,,ledge,curved ledge,,,2,Sour Solution III,company,Sour Skateboards,
20,5/20/22,8,Nisse Ingemarsson,kickflip to ollie to kickflip,1,,regular,,,,,1,pad,playground ,,quick feet,3,Sour Solution III,company,Sour Skateboards,
20,5/20/22,7,Josef Scott Jatta,hardflip,1,,regular,,,,,,gap,bump to gap,,,4,Sour Solution III,company,Sour Skateboards,
20,5/20/22,6,Martin Sandberg,kickflip to fs crook to fs crook,,,regular,,,,,1,ledge,drop,,,5,Sour Solution III,company,Sour Skateboards,
20,5/20/22,5,Simon Isaksson,fs kickflip,,,regular,1,1,,,1,gap,duck under pole,,,6,Sour Solution III,company,Sour Skateboards,
20,5/20/22,4,Albert Nyberg,hardflip to fs blunt,,,regular,,1,,,,ledge,,,,7,Sour Solution III,company,Sour Skateboards,
20,5/20/22,3,Gustav Tonnesen,nollie bs kickflip to fakie manual to fs halfcab,,,nollie,,,,,,pad,,,this is insane,8,Sour Solution III,company,Sour Skateboards,
20,5/20/22,2,Tom Snape,sw heelflip,,1,switch,,,,,,gap,flat gap,Universitat,,9,Sour Solution III,company,Sour Skateboards,
20,5/20/22,1,Barney Page,bs noseslide,,,regular,1,1,,,1,ledge,outledge,,pop to hubba,10,Sour Solution III,company,Sour Skateboards,
21,5/27/22,10,Shogo Zama,bs noseblunt to fakie,1,,regular,,,,,,ledge,,,2 noseblunts,1,Magentapes,solo,,
21,5/27/22,9,Alex Tenisson,bs wallride to melon,1,,regular,,,,,,wall,,,,2,ITCHY FEET,company,Passport,
21,5/27/22,8,Jan Henrik Kongstein,bs noseslide,,,regular,,,,,,flat rail,,,,3,,,,1
21,5/27/22,7,Flo Maillet,bs noseslide to fakie,,,regular,,,,,,ledge,bank to ledge,DIY park,,4,Album De Famille,homie,,
21,5/27/22,6,Silas Baxter-Neal,fs 5050 to ollie,,,regular,,,,,,ledge,ledge to gap,,2 clips,5,Burrow,solo,,
21,5/27/22,5,Kevin Shealy,bs 5050 to ollie,,,regular,,,,,,ledge,ledge to gap,,,6,ITCHY FEET,company,Passport,
21,5/27/22,4,Jake Anderson,bs kickflip,,,regular,,,,,,bank,channel,,,7,Stop,solo,,
21,5/27/22,3,Arno Wagner,fs blunt to bs noseblunt,,,regular,,1,,,,ledge,,,,8,Album De Famille,homie,,
21,5/27/22,2,Casper Brooker,big flip,1,,regular,,,,,,stairs,,south bank,,9,Cathedral,Solo,Nike SB,
21,5/27/22,1,Rayssa Leal,bs lipslide,,,regular,,,,,,handrail,,hollywood high,woman,10,,,,1
22,6/3/22,10,Victor Larsson Ble,nollie bs inward heelflip,,,nollie,,,,,1,gap,over rail,,mindbender,1,"I say what I think, silent",homie,,
22,6/3/22,9,Kevin Liedtke,sw fs 180 to bs crook,1,1,switch,1,,,,,ledge,,Muni,mirror line,2,Flinch,homie,,
22,6/3/22,8,Blinky,wallie to bs 5050,1,,regular,1,1,,,,flat rail,,,triple replay,3,Welcome 2: Hell,company,Welcome Skateshop,
22,6/3/22,7,Justin Adeniran,fs heelflip,1,,regular,1,1,,,,gap,over can,Muni,quick feet,4,Flinch,homie,,
22,6/3/22,6,John Shanahan,ollie,1,,regular,,,,,,gap,to drop to drop to drop,, ,5,,,,1
22,6/3/22,5,Antwuan Dixon,bs noseslide to nollie heelflip,1,,regular,1,1,,,,ledge,gap to ledge,JKwon,,6,NOT A SKATE VIDEO,company,FTP,
22,6/3/22,4,Ryan Hamburg,ollie to no comply,,,regular,,1,,,1,gap,over rail into bank,,mindbender,7,Splendor,company,Foundation,
22,6/3/22,3,Corey Glick,fs wallride to fs 5-0,,,regular,1,1,,,,handrail,wall to handrail,,,8,Splendor,company,Foundation,
22,6/3/22,2,Dale Starkie,bs 360,1,,regular,1,,,,,stairs,,,5 trick line,9,Welcome 2: Hell,company,Welcome Skateshop,
22,6/3/22,1,Julian Lewis,ride-on 5050,,,regular,1,,,,,handrail,,,insane,10,Splendor,company,Foundation,
23,6/10/22,10,Jake Church,ollie,,,regular,1,,,,,gap,escalator,,,1,Much Quiet,company,Vans,
23,6/10/22,9,Sarah Kelly,bs boardslide,,,regular,,,,,,hubba,kinked hubba,,woman,2,Site,company,Ninetimes,
23,6/10/22,8,Zach Funk,fakie fs kickflip,1,,fakie,,,,,,gap,over rail,,,3,SLAG,company,Radio x Environs,
23,6/10/22,7,Riley Boland,nose manual,,,regular,,,,,,pad,bank to pad to bank,,,4,Site,company,Ninetimes,
23,6/10/22,6,Joseph Biais,polejam to fs lipslide to fakie,,,regular,1,,,,,flat rail,pole to gap to rail,,,5,Much Quiet,company,Vans,
23,6/10/22,5,Bret Gregory,bs wallride to bs bigspin,,,regular,1,1,,,,wall,wall to stairs,,triple replay,6,Jimmy,homie,,
23,6/10/22,4,Wade Desarmo,hardflip,,,regular,,,,,,stairs,,,,7,DEFINE,company,Primitive,
23,6/10/22,3,Spencer Hamilton,sw bs kickflip,,1,switch,1,1,,,,stairs,over rail,,,8,DEFINE,company,Primitive,
23,6/10/22,2,Paul Rodriguez,sw bs smith to sw bs kickflip,,1,switch,1,1,,,,ledge,curved ledge,,triple replay,9,DEFINE,company,Primitive,
23,6/10/22,1,Tiago Lemos,sw kickflip to sw bs tailslide, ,1,switch,1,1,,,,ledge,gap to ledge to gap,UCLA,2 clips,10,DEFINE,company,Primitive,
24,6/17/22,10,Sean Evans,heelflip to fs crook to fakie,,,regular,,,,,,ledge,,,,1,Chrysalis,company,Habitat,
24,6/17/22,9,Charlie Munro,bs noseslide to nollie kickflip,,,regular,,,,,,ledge,,,,2,Que Rico,company,Levis Skateboarding,
24,6/17/22,8,Jesse Alba,bs boardslide to kickflip,,,regular,,,,,,flat rail,pipes,,,3,Alv's Angels,company,Last Resort,
24,6/17/22,7,Louie Lopez,bs boardslide to kickflip to bs boardslide,,,regular,,,,,,curb,,copenhagen open,,4,,,,1
24,6/17/22,6,Leon Chapdelaine,bs blunt to ollie,,,regular,1,1,,,,ledge,over bike,jarmers,,5,,,,1
24,6/17/22,5,Theo Korkidas,fs blunt stall to fs 180,,,regular,1,,,,,transition,street transition,,,6,20th Anniversary,company,Homebase,
24,6/17/22,4,John Cardiel,fs boardslide,,,regular,,,,,,curb,,,,7,Alv's Angels,company,Last Resort,
24,6/17/22,3,Billy Trick,acid drop to fs 5050,,,regular,,,,,,curb,drop to curb,,,8,Supreme AntiHero,company,Supreme x Anti Hero,
24,6/17/22,2,Alex Willms,bs boardslide to bs boardslide,,,regular,,,,,,handrail,handrail to hubba,,,9,Sk8mafia Pro,solo,Sk8mafia,
24,6/17/22,1,Chris Milic,fs boardslide to sw manual,,,regular,1,,,,,pad,chain to pad,,2 clips,10,Alv's Angels,company,Last Resort,
25,6/24/22,10,Tom O’Reilly,bs halfcab roll off to manual to slappy bs blunt transfer to fakie,,,fakie,,,,,1,curb,,,combo,1,SENSIBLES,homie,,
25,6/24/22,9,Will Marshall,360 flip to bs noseslide,,,regular,,1,,,,ledge,,,,2,,,,1
25,6/24/22,8,Junnosuke Hasegawa,ollie to fs wallride,,,regular,,,,,,wall,,,quick feet,3,japanese word,company,Lesque,
25,6/24/22,7,Justin Sommer,bs 360 kickflip,1,,regular,,1,,,,stairs,,,,4,Raw AMs,solo,Independent,
25,6/24/22,6,Vincent Touzery,bs shuv to bs tailslide,,,regular,,,,,,curb,gap to curb to gap,,2 clips,5,SENSIBLES,homie,,
25,6/24/22,5,David Jakinda,sw 360 flip,1,1,switch,,,,,,gap,flat gap to bank,copenhagen flat gap,,6,,,,1
25,6/24/22,4,Casper Brooker,bs smith to bs bigspin,,,regular,,,,,,ledge,curved ledge,Paris curved ledge,,7,SENSIBLES,homie,,
25,6/24/22,3,Jordan Trahan,no comply to bs tailslide,,,regular,,,,,1,ledge,,Jarmers,,8,,,,1
25,6/24/22,2,Mathias Sauvageon,dolphin flip,,,regular,1,,,,,gap,flat gap,,,9,SENSIBLES,homie,,
25,6/24/22,1,Antonio Durao,sw fs kickflip,,1,switch,,,,1,,stairs,,LES double set,best trick contest,10,,,,1
26,7/1/22,10,Kyonosuke Yamashita,bs nosegrind,,,regular,,,,,,ledge,gap to ledge,,,1,Introducing,solo,Lakai,
26,7/1/22,9,Tom Asta,sw 360 flip,1,1,switch,,,,,,stairs,,,,2,Misprints,company,Santa Cruz,
26,7/1/22,8,Mikey Payne,bs lipslide,,,regular,,,,,,ledge,outledge,Pulaski,,3,With All Due,homie,,
26,7/1/22,7,Cyrus Bennett,kickflip,,,regular,,1,,,,transition,hip,demo,copenhagen open,4,,,,1
26,7/1/22,6,Jake Johnson,nollie heelflip,,,nollie,1,1,,,,gap,bump to bar,PA bump to bar,,5,With All Due,homie,,
26,7/1/22,5,Kevin Augustine,kickflip to bs tailslide,,,regular,,1,,,,ledge,outledge,Pulaski,,6,With All Due,homie,,
26,7/1/22,4,Amelien Foures,nollie to bs crook,,,nollie,,1,,,,ledge,,,,7,AMELIEN,solo,,
26,7/1/22,3,Maurio McCoy,halfcab to fs noseblunt to nollie kickflp,,,fakie,,1,,,,ledge,,Flushings fountain,,8,Misprints,company,Santa Cruz,
26,7/1/22,2,Jordan Queijo,nose manual to fs nollie 360 kickflip,,,regular,1,1,,,,pad,,,,9,ONE NOTE IS ALL IT TAKES,homie,,
26,7/1/22,1,Drew Grabowski,nollie fs big flip,1,,nollie,,,,,,gap,over wall,Pulaski,,10,Drew Grabowski Forever,solo,,
27,7/8/22,10,Erildo Boccacci,sw varial kickflip,1,1,switch,,,,,,stairs,,,,1,SANGUI,homie,,
27,7/8/22,9,Andrew Verde,bs 180 to sw fs crook,,,regular,1,,,,,ledge,outledge,,,2,Veinte,company,Sk8land Skateshop,
27,7/8/22,8,Will Marshall,shuv to fs noseslide to nollie shuv,,,regular,,1,,,,ledge,,,triple replay,3,,,,1
27,7/8/22,7,Nassim Lachhab,sw heelflip,1,1,switch,1,1,,,,stairs,,,,4,Nassim Lacchab for etnies,solo,Etnies,
27,7/8/22,6,Victor Campillo,bs 180 to sw manual to sw kickflip,,,regular,,,,,,pad,,,,5,SANGUI,homie,,
27,7/8/22,5,Carl Aikens,sw bs kickflip,1,1,switch,,,,1,,stairs,,NYC stairs,,6,,,,1
27,7/8/22,4,Patrick O'Mara,fs kickflip,1,,regular,,1,,1,,stairs,,NYC stairs,,7,PATRICK VIOLET,solo,Violet,
27,7/8/22,3,less.t,ollie to fs wallride,1,,regular,,1,,,,wall,gap to wall,,,8,Xola 955,company,Decline,
27,7/8/22,2,Pepe Garcia,fs noseslide to nollie meatspin,,,regular,1,,,,,ledge,,,2 clips,9,Veinte,company,Sk8land Skateshop,
27,7/8/22,1,Torey Pudwilll,kickflip to bs noseblunt to fakie,,,regular,1,,,,,ledge,,,,10,Bigger Bang,solo,,
28,7/15/22,10,Brandon Westgate,kickflip,1,,regular,,,,,,gap,over rail,,,1,Brian Brandon & Will,homie,,
28,7/15/22,9,Curren Caples,fs layup,,,regular,1,,,,1,transition,,bunt jam,traveling?,2,,,,1
28,7/15/22,8,Ewing Ayala,fakie big flip,1,,fakie,,1,,,,gap,over can,,triple replay,3,Much Needed After A Long,homie,,
28,7/15/22,7,Will Marshall,fakie fs kickflip,1,,fakie,,1,,,,stairs,,yale,,4,,,,1
28,7/15/22,6,Jasper Dohrs,bs blunt to bs blunt,,,regular,,,,1,,hubba,hubba to ledge,NYC hubba to ledge,,5,Much Needed After A Long,homie,,
28,7/15/22,5,Will Mazzari,bs blunt to fakie,1,,regular,1,,,,,ledge,outledge,,,6,Brian Brandon & Will,homie,,
28,7/15/22,4,Matisse Banc,bs wallride to kickflip,,,regular,,,,,,wall,wall to bank,,,7,Portuguese Breeze,company,Volcom,
28,7/15/22,3,Kyota Umeki,bs crook,,,regular,1,,,1,,flat rail,into bank,NYC courthouse,,8,Much Needed After A Long,homie,,
28,7/15/22,2,Ben Chadourne,bs noseslide,,,regular,,,1,,,hubba,,,long as fuck,9,,,,1
28,7/15/22,1,Brian Reid,bs boardslide,,,regular,1,,,,,ledge,ledge to rail to handrail,,,10,Brian Brandon & Will,homie,,
29,7/22/22,10,Deedz,manual to bs boardslide,,,regular,,,,,,pad,pad to handrail,,,1,,,,1
29,7/22/22,9,Art Cordova,fakie big flip,,,fakie,1,1,,,,gap,,,triple replay,2,Espada,solo,Flip,
29,7/22/22,8,Joseph Campos,bs 5050,,,regular,1,,,,,ledge,outledge,,,3,Hockey X,company,Hockey,
29,7/22/22,7,Victor Campillo,manual to wallride nollie to manual,,,regular,,,,,1,pad,pad to wall to pad,SF Hills,,4,SanVico,solo,,
29,7/22/22,6,Donovan Piscopo,impossible to fs 5-0,,,regular,1,,,,,ledge,bump to can,,,5,Hockey X,company,Hockey,
29,7/22/22,5,Nik Stain,sw fs shuv,,1,switch,1,1,,,,gap,into bank,,,6,Hockey X,company,Hockey,
29,7/22/22,4,Jeff Mendoza,fs 5-0 to kickflip,,,regular,1,1,,,,ledge,,Milano Centrale,,7,Not That Easy,homie,,
29,7/22/22,3,Felipe Gustavo,360 flip to crook,,,regular,,,,1,,ledge,,NYC courthouse,,8,Code,company,Plan B,
29,7/22/22,2,Treor McClung,sw bs 360,,1,switch,1,1,,,,stairs, ,hollywood high,,9,Code,company,Plan B,
29,7/22/22,1,Diego Todd,nose slide to nollie kickflip,1,,regular,1,1,,1,,ledge,,,3 clips,10,Hockey X,company,Hockey,
30,7/29/22,10,Francis Peters,wallie fs heeflip,,,regular,1,1,,,1,wall,,DIY park,triple replay,1,,,,1
30,7/29/22,9,Matyas Ricsi,ride-on fs lipslide,,,regular,,,1,,1,flat rail,drop to rail,,,2,Uccso,homie,,
30,7/29/22,8,Juan Algora,bs kickflip to sw bs nosegrind ,,,regular,1,,,,,ledge,,,,3,The Alibi,solo,,
30,7/29/22,7,Jonatan Drab,nollie kickflip,,,nollie,,,,,1,gap,into bank,,grass,4,,,,1
30,7/29/22,6,Carl Aikens,sw hardflip,,1,switch,,,,,,stairs,,,,5,,,,1
30,7/29/22,5,Sammy Montano,bs noseblunt,,,regular,1,,,,,ledge,gap to ledge,,on can,6,Diay,solo,Globe,
30,7/29/22,4,Jordan Taylor,ride-on bs 5050,,,regular,1,,,,,ledge,ledge to gap,,,7,Bottle Neck Sewage,company,WKND,
30,7/29/22,3,Sean Greene,bs wallride nollie out,1,,regular,,,,,,wall,on mailbox,SF Hills,,8,,,,1
30,7/29/22,2,Christian Malouf,fs kickflip,,,regular,,,,,,gap,over trash can,,,9,Bottle Neck Sewage,company,WKND,
30,7/29/22,1,Balla Petike,bs 5050 to ride-on ride to ride-on bs 5050,,,regular,,,,,1,flat rail,rail to stump to rail,,,10,Uccso,homie,,
31,8/5/22,10,Johnny Tang,bs lipslide to fs shuv,,,regular,1,,,,,ledge,ledge to stairs,,,1,Hong King Video,company,Helas,
31,8/5/22,9,Nick Dias,kickflip to fs tailslide,1,,regular,,,,,,ledge,,,wearing headphones,2,Sergio,company,DC Shoes,
31,8/5/22,8,Max Wasungu,bs boardslide,,,regular,,,,,,flat rail,glass barrier to drop,,,3,,,,1
31,8/5/22,7,Elissa Steamer,kickflip,,,regular,,,1,,,stairs,,SF Hills,woman,4,,,,1
31,8/5/22,6,Antonio Durao,sw 360 flip,1,1,switch,,,,1,,stairs,,,,5,,,,1
31,8/5/22,5,Stu Kirst,fs boardslide,,,regular,,,,1,,handrail,,,,6,Stu 04,solo,,
31,8/5/22,4,Mariah Duran,kickflip,,,regular,,,,,,flat,into bank,,woman,7,Rapa Nui,solo,,
31,8/5/22,3,Fred Gall,bs blunt transfer,,,regular,,,,,,flat rail,into bank,,,8,Spiritual Healing,solo,,
31,8/5/22,2,Grant Taylor,pole jam 5050,,,regular,,,,,1,flat rail,into bank,,crazy obstacle,9,,,,1
31,8/5/22,1,Tyshawn Jones,ollie,1,,regular,,,,1,,gap,bump to bar,,,10,,,,1
32,8/12/22,10,Makenzie Carruthers,bs 180 to sw fs 5-0 to regular,1,,regular,,1,,,1,transition,street transition,MTL olympics,2 clips,1,HARDKOUR,homie,,
32,8/12/22,9,Vince Palmer,bs kickflip,1,,regular,,,1,,,gap,,Mallorca,,2,"Mamma Mia, Bro",homie,,
32,8/12/22,8,Will Marshall,sw heelflip,1,1,switch,,,,,,stairs,,,,3,WHAT IF GOD SAID,company,Bronze x DC,
32,8/12/22,7,Leon Chapdelaine,ollie,1,,regular,,,,,,gap,flat gap,,,4,HARDKOUR,homie,,
32,8/12/22,6,Shaun Paul,bs noseslide,,,regular,,,,,,ledge,ledge to gap,,,5,WHAT IF GOD SAID,company,Bronze x DC,
32,8/12/22,5,Eetu Toropainen,fs noseslide to fakie,1,,regular,,1,,,,ledge,ledge to gap,Mallorca,,6,"Mamma Mia, Bro",homie,,
32,8/12/22,4,Louie Lopez,sw bs heelflip,1,1,switch,,,,,,gap,over can,UCLA,,7,Honor Roll,solo,,
32,8/12/22,3,Alan Bell,fs lipslide to heelflip,,,regular,1,1,,1,1,ledge,,,,8,be honest,homie,,
32,8/12/22,2,Zak Anders,fs lipslide,,,regular,,,1,1,,ledge,curved ledge,,,9,Cow Boy,solo,,
32,8/12/22,1,Josh Wilson,360 flip,,,regular,,1,,,,bank,over hip and rail,,,10,WHAT IF GOD SAID,company,Bronze x DC,
33,8/19/22,10,Shintaro Hongo,ollie to bs wallride,1,,regular,,,,,1,wall,,,quick feet,1,The Metric,company,DC Shoes,
33,8/19/22,9,Johnny Cumaoglu,kickflip,,,regular,1,1,,1,,flat,over bar,,,2,The Tale of a Toxic King,homie,,
33,8/19/22,8,Samuel Norgren,slappy bs lipslide,,,regular,,,,,,ledge,,Milano Centrale,,3,Buono Compagnia,company,Vans Europe,
33,8/19/22,7,Diego Suanes,fullcab kickflip,1,,fakie,,1,,,,flat,,,hat catch,4,Mal Cuidadano,homie,,
33,8/19/22,6,Albert Nyberg,halfcab hippie flip,1,,fakie,,,,,1,gap,into bank,,,5,Buono Compagnia,company,Vans Europe,
33,8/19/22,5,Kentaro Powell,ollie,,,regular,1,,,,,gap,bump to bar,,,6,The Tale of a Toxic King,homie,,
33,8/19/22,4,Martino Cattaneo,bs boardslide to fs shuv transfer,,,regular,1,1,,,1,handrail,into bank,,,7,Buono Compagnia,company,Vans Europe,
33,8/19/22,3,Alex Willms,halfcab to fs blunt to fakie,,,fakie,,,,,,ledge,bank to ledge,,,8,sop,solo,,
33,8/19/22,2,Barney Page,bs noseslide to bs 5-0,,,regular,1,,,,1,hubba,to handrail,,,9,Stunts,company,Etnies,
33,8/19/22,1,Emilio Dufour,nollie heelflip to bs wallride,,,nollie,1,,,,,wall,,,,10,Mal Cuidadano,homie,,
34,8/26/22,10,Dave Caddo,fs lipslide,,,regular,,,,1,,ledge,outledge,,over skate stoppers,1,Pattern Language,solo,,
34,8/26/22,9,Jonathan Sjoberg,shuv to tail grab,,,regular,1,,,,,stairs,into hill,,speed wobbles,2,Is This The Place?,homie,,
34,8/26/22,8,Shin Sanbongi,bs noseblunt stall,,,regular,,,,,,transition,quarterpipe,DIY park,,3,Sanbongi,company,Adidas,
34,8/26/22,7,Heitor Da Silva,sw hardflip,1,1,switch,,,,,,gap,,,,4,Is This The Place?,homie,,
34,8/26/22,6,Chris Athans,fs 180 to sw manual to sw bs wallride to bs revert,,,regular,,1,,,1,pad,to wall,,,5,Right Here For Pablo,homie,,
34,8/26/22,5,Eddie Cernicky,fs wallride to bs 180,,,regular,1,1,,1, ,wall,wall to gap,,,6,Right Here For Pablo,homie,,
34,8/26/22,4,Jake Johnson,sw kickflip,,1,switch,1,,,,,gap,bump to bar,,,7,Right Here For Pablo,homie,,
34,8/26/22,3,Jeff Carlyle,bs lipslide,,,regular,,1,,,,handrail,,SF hills,fast as fuck,8,Right Here For Pablo,homie,,
34,8/26/22,2,Sean Greene,bs 180 to sw hill bomb,,,regular,,1,1,,,gap,flat gap,SF hills,,9,Right Here For Pablo,homie,,
34,8/26/22,1,Pablo Ramirez,bs wallride nollie out,1,,regular,,,,,,wall,,SF hills,RIP,10,Right Here For Pablo,homie,,
35,9/2/22,10,Tommy May,fs 180 to sw fs 5-0 to sw bs 180,1,,regular,,1,,,,ledge,outledge,,,1,Joe & Tom's Pack of Lies,company,The National Skateboard Co,
35,9/2/22,9,Emile Laurent,halfcab to sw fs nosegrind to fakie,1,,fakie,,,,,,transition,concrete skatepark,Burnside,,2,Portland Public Skating 3,homie,,
35,9/2/22,8,Rory Milanes,kickflip to bs tailslide,1,,regular,,,,,,ledge,,london,,3,LAUST IN TRANSLATION,homie,,
35,9/2/22,7,Juan Virues,shuv to bs 5-0 to bs 180,1,,regular,,,,,,ledge,,,,4,Penthouse Suite,company,Hotel Blue,
35,9/2/22,6,Lucien Clarke,sw heelflip,1,1,switch,,,,,,stairs,,,,5,LAUST IN TRANSLATION,homie,,
35,9/2/22,5,Ross Norman,nollie to bs tailslide to bs kickflip,,,nollie,,,,,1,ledge,,,4 clips,6,Brass Tracks,company,Politic,
35,9/2/22,4,Lucas Marques,bs 180 to sw wallie,,,regular,,,,,1,ledge,to wall,,,7,CALICE,company,MKD,
35,9/2/22,3,Brian O'Dwyer,bs noseslide,,,regular,,,,,,handrail,,,,8,She's Cheating,homie,,
35,9/2/22,2,Julian Lewis,fakie kickflip,,,fakie,,1,,1,,gap,into bank,,,9,Sneaking Into Roosevelt Island With Julian Lewis,company,Jenkem,
35,9/2/22,1,Mike Ward,sw hardflip,,1,switch,,,,,,gap,bump to can,Muni,,10,She's Cheating,homie,,
36,9/9/22,10,Johnny Cumaoglu,sw 360 flip,1,1,switch,1,1,,,,stairs,,,,1,,,,1
36,9/9/22,9,Corey Young,bs crook to bs crook,,,regular,1,,,,1,ledge,to ledge,,,2,Luv Ya Lots,company,Sunday Hardware,
36,9/9/22,8,Max Wasungu,fs noseslide,,,regular,,,,,,ledge,,MTL ledges,,3,,,,1
36,9/9/22,7,Wes Kremer,hardflip,,,regular,1,1,,,,gap,into bank,,,4,Central America Tour,company,DC Shoes,
36,9/9/22,6,Mark Suciu,bs smith to bs noseblunt,,,regular,,1,,,,flat rail, ,skatepark,,5,,,,1
36,9/9/22,5,Carl Aikens,sw hardflip,,1,switch,,1,,1,,stairs,double set, ,,6,Roadkill - Episode 1,homie,,
36,9/9/22,4,Kaleb Hadlock,fs 5050,,,regular,,,,,1,flat rail,up and down,,,7,Magnum Opus,solo,,
36,9/9/22,3,Simon Zuzic,sw bs 180 to bs 5-0 to fs 180,,,switch,,1,,,,ledge,outledge,,,8,Luv Ya Lots,company,Sunday Hardware,
36,9/9/22,2,Arthur Ribeiro,nollie heelflip,,,nollie,1,1,,,,gap,flat gap,,,9,Vento Bravo,solo,,
36,9/9/22,1,Tyshawn Jones,nollie kickflip,,,nollie,1,1,,,,gap,bump to bar,,,10,,,,1
37,9/16/22,10,Willow Voges Fernandes,fs 5050,,,regular,,1,1,,,handrail,quad kink,,,1,GET BUG,homie,,
37,9/16/22,9,Theo Loffler,bs kickflip,,,regular,1,1,,,,stairs,double set,,,2,GET BUG,homie,,
37,9/16/22,8,Dom Henry,fakie manual to fakie kickflip,,1,switch,,,,,,pad,to stairs,,,3,Tenor,,Skateboard Cafe,
37,9/16/22,7,Chris Athans,kickflip to manual to bs wallride to shuv,,,regular,,,,,1,pad,to wall,,,4,Thunder,solo,,
37,9/16/22,6,Felipe Bartolome,bs boardslide to fs tailslide,,,regular,1,,1,,,hubba,to can,,,5,Giddy 12: Perros,homie,,
37,9/16/22,5,Korahn Gayle,fakie fs kickflip to fs noseslide,1,,fakie,,,,,,ledge,,,,6,Tenor,,Skateboard Cafe,
37,9/16/22,4,Mariah Duran,bs 5050,,,regular,,,,,,hubba,, ,woman,7,Thrasher Vacation: Germany,company,Thrasher,
37,9/16/22,3,Notis Aggelis,bs crook,1,,regular,,,,,,ledge,,,5 trick line,8,Full Circle,company,Vans x Free Skate Mag,
37,9/16/22,2,Mason Silva,bs ollie,,,regular,1,1,,,,gap,channel, ,,9,Thrasher Vacation: Germany,company,Thrasher,
37,9/16/22,1,Pedro Delfino,fs 5050,,,regular,1,1,,,1,handrail,around corner, ,,10,Thrasher Vacation: Germany,company,Thrasher,
38,9/23/22,10,Taihou Tokura,fs wallride indie,1,,regular,,,,,,wall,to stairs,,,1,Timescan - Entracte,homie,,
38,9/23/22,9,TJ Rogers,bs tailslide to shuv,1,,regular,,,,,,ledge,,,,2,The Unstoppable TJ Rogers,company,eS,
38,9/23/22,8,Gus Gordon,wallie to fs crook,,,regular,1,1,1,1,,ledge,,Sombrero,,3,Bronze 56k TV - Episode 1,company,Bronze 56k,
38,9/23/22,7,Mark Humienik,fs feeble,1,,regular,,,,1,,ledge,,,6 trick line,4,Bronze 56k TV - Episode 1,company,Bronze 56k,
38,9/23/22,6,Jameel Douglas,nose manual to nollie,1,,regular,,,,1,,pad,pad to flat gap,,,5,Areth USA,homie,,
38,9/23/22,5,Cyrus Bennett,kickflip,,,regular,1,1,,,,gap,concrete skatepark,stockwell skatepark,,6,,,,1
38,9/23/22,4,Victor Campillo,bs wallride,1,,regular,,,,,,wall,,SF hills,,7,Bwren,homie,,
38,9/23/22,3,Andrew Gray,360 flip,,,regular,,,,,1,gap,into pole jam,,,8,Then Again,homie,,
38,9/23/22,2,Alexis Lacroix,shoe slide to caveman,,,regular,,,,,,flat rail,into hill,Dime Glory,,9,,,,1
38,9/23/22,1,Rowan Zorilla,bs boardslide,,,regular,,,,,,flat rail,into hill,Dime Glory,,10,,,,1
39,9/30/22,10,Brian O'Dwyer,bs smith,,,regular,1,,,,,ledge,,,,1,Spolage,homie,,
39,9/30/22,9,Jair Gravenberch,ollie to body varial,1,,regular,1,1,,,,stairs,,,quick feet,2,POP AW22 SKATEBOARDS,company,Pop Trading Co,
39,9/30/22,8,Aoto Yoroi,bs 180 to fakie manual to halfcab,1,,regular,,1,,,1,pad,,,quick feet,3,Pick Ups,solo,,
39,9/30/22,7,Mark Del Negro,sw bs heelflip,1,1,switch,,,,,,gap,,,2 bs heels,4,Landline,company,Dialtone Wheels,
39,9/30/22,6,Karsten Kleppan,fs 5050 to bs 180 transfer,,,regular,,,,,1,flat rail,curved rail,,,5,BRSB,company,Nike SB,
39,9/30/22,5,Gustav Tonnesen,kickflip to bs noseslide,1,,regular,,,,,,ledge,,,,6,SUCKSESS,company,Sour Skateboards,
39,9/30/22,4,Tyshawn Jones,ollie,,,regular,1,,,1,,gap,over table,,,7,,,,1
39,9/30/22,3,Lucas Puig,sw fs 360 heelflip,,,regular,,,,,,gap,bump to bar,demo,no shirt,8,,,,1
39,9/30/22,2,Bobby De Keyzer,bs bigspin to sw manual to sw fs 180,,,regular,1,,,,,pad,,,,9,BOBBY,solo,,
39,9/30/22,1,Louie Lopez,360 flip to manual,,,regular,,,,,1,pad,into bank,,,10,Louie Again and Again,solo,F.A,
40,10/7/22,10,Dane Brady,ollie,,,regular,1,,1,,1,gap,,,,1,Sounds Like You Guys Are Crushing It,company,Polar,
40,10/7/22,9,Paul Grund,halfcab,1,,fakie,,,,,,flat,into bank,Eiffel Tower,,2,Sounds Like You Guys Are Crushing It,company,Polar,
40,10/7/22,8,Jamie Platt,bs wallie to bs 5050,1,,regular,,,,,,wall,to ledge,,,3,Sounds Like You Guys Are Crushing It,company,Polar,
40,10/7/22,7,Aaron Herrington,bs 5050 to fs body varial,,,regular,1,1,,,,handrail,,,,4,Sounds Like You Guys Are Crushing It,company,Polar,
40,10/7/22,6,Oski,nose manual to fs nosegrind indie,,,regular,,,,,,pad,concrete skatepark,Burnside,,5,Sounds Like You Guys Are Crushing It,company,Polar,
40,10/7/22,5,Hjalte,bs 180 to fakie manual to kickflip,1,,regular,,,,,,pad,,,,6,Sounds Like You Guys Are Crushing It,company,Polar,
40,10/7/22,4,Roman Gonzalez,fs wallride to fs lipslide,,,regular,,,,,,wall,to ledge,,,7,Sounds Like You Guys Are Crushing It,company,Polar,
40,10/7/22,3,Nick Boserio,drop in 5050 to fs 5050,,,regular,,,,,,handrail,handrail to hubba,,,8,Sounds Like You Guys Are Crushing It,company,Polar,
40,10/7/22,2,Emile Laurent,fs kickflip,,,regular,,,1,,,stairs,,,,9,Sounds Like You Guys Are Crushing It,company,Polar,
40,10/7/22,1,Ville Wester,ollie,,,regular,1,,1,,1,gap,onto ball,,,10,Sounds Like You Guys Are Crushing It,company,Polar,
41,10/14/22,10,Helena Long,bs boardslide to transfer fs 5-0,,,regular,,,,,,flat rail,into bank,,woman,1,Rerouting,company,Spitfire,
41,10/14/22,9,Aaron Loreth,fakie manual to fakie bigspin to manual,,1,switch,,,,,,pad,,UW,,2,Toes Down,company,Limosine,
41,10/14/22,8,Cesar Dubroca,fs 180 to sw fs 5-0,,,regular,1,,,,,hubba,,,,3,Duex Rives,company,Element,
41,10/14/22,7,Rob Maatman,bs noseslide to bs blunt to fakie,,,regular,,1,,,,ledge,ledge to ledge,,,4,Pop x Vans '22,company,Pop Trading Co x Vans,
41,10/14/22,6,Tomek Ziolkowski,fs 5050 to fs shuv to nose manual to nollie,,,regular,,,,,,ledge,ledge to pad to stairs,,combo,5,Witos Story,company,Grey Area,
41,10/14/22,5,Jan Federer,bs kickflip,,,regular,1,,,,,gap,flat gap,,street gap,6,Turtle 3,homie,,
41,10/14/22,4,Victor Casgarigny,pole jam to hippie jump,1,,regular,,,,,1,pole jam,,,,7,Duex Rives,company,Element,
41,10/14/22,3,Gilbert Crockett,fakie kickflip to sw bs nosegrind,1,,fakie,,,,,,ledge,,,2 clips,8,Denim Car,company,Quasi,
41,10/14/22,2,Romel Torres,bs 5050 transfer,,,regular,,,,,,flat rail,,,huge,9,Easier Said Than Done,company,Tactics,
41,10/14/22,1,Cyrus Bennett,ollie bs noseslide,,,regular,,,,,1,gap,bump to bar to ledge,,,10,Toes Down,company,Limosine,
42,10/21/22,10,Jordan Trahan,no compy bs 180 to sw fs 5050 to sw fs 180,1,,regular,,1,,,1,curb,,,3rd no comply from Trahan?,1,EROSION,homie,,
42,10/21/22,9,Leon Charo Tite,fs wallride to bs bigspin,,,regular,,1,,,,transition,street transition,DIY park,,2,,,,1
42,10/21/22,8,Jim Greco,bs 360 to fakie,,,regular,1,1,,,,transition,street transition,LA Mall,,3,White Wall,solo,,
42,10/21/22,7,Dubahn Machuca,kickflip to bs tailslide to shuv,,,regular,,,,,1,ledge,to stairs,,into stairs,4,Let Them Believe,company,Censorship,
42,10/21/22,6,Ben Tenner,varial heelflip to fs noseslide,,,regular,1,1,,,,ledge,,,triple replay,5,The Trail,company,Orchard Skateshop,
42,10/21/22,5,Sean Evans,sw bs kickflip to manual,1,1,switch,,,,,,pad,gap to pad,,,6,The Trail,company,Orchard Skateshop,
42,10/21/22,4,Karsten Kleppan,caveman to bs smith,,,regular,,,,,1,ledge,curved ledge,indoor park,,7,,,,1
42,10/21/22,3,Chris Pfanner,kickflip,,,regular,,1,1,,,gap,over rail into bank,,euramp,8,Cobblestrasse,solo,Spitfire,
42,10/21/22,2,Masaki Hongo,fs 5050 to bs 180,,,regular,,,,,1,flat rail,curved rail,,match with Kleppan flatrail trick,9,Hongo Brothers,company,DC Shoes,
42,10/21/22,1,Shintaro Hongo,ollie,,,regular,1,1,,,,gap,over rail into double bank,,,10,Hongo Brothers,company,DC Shoes,
43,10/28/22,10,Jahmir Brown,sw bs tailslide to sw shuv,1,1,switch,1,1,,,,ledge,,,,1,DC Shoes x Venture,company,DC Shoes x Venture,
43,10/28/22,9,Felipe Oliveira,fs crook,,,regular,,1,,,,ledge,,,,2,N'AQUA,solo,,
43,10/28/22,8,Hannah Tallman,kickflip,,,regular,,,,,,gap,,,woman,3,Bluebird,company,Calmcorp,
43,10/28/22,7,Mark Suciu,bs crook,1,,regular,,,,1,,ledge,,DIY park,,4,,,,1
43,10/28/22,6,Leo Baker,bs lipslide to shuv,1,,regular,1,1,1,1,,ledge,,,,5,Post-Op,company,Spitfire,
43,10/28/22,5,Spencer Semien,360 flip,1,,regular,,,,,,gap,over hydrant,,,6,Defiance,solo,Powell,
43,10/28/22,4,Will Marshall,nollie kickflip,,,nollie,,1,,,,gap,into bank,,,7,DC Shoes x Venture,company,DC Shoes x Venture,
43,10/28/22,3,Edourard Depaz,wallie to late bs bigspin,,,regular,,,,,,gap,bump to gap,Eiffel Tower,,8,Nothing Without Friends,company,Rave Skateboards,
43,10/28/22,2,Thaynan Costa,nollie fs 180 to sw bs crook to regular,,,nollie,1,,,,,ledge,outledge,,,9,KILLDEBOSS,solo,,
43,10/28/22,1,Tyshawn Jones,bs kickflip,,,regular,1,1,,1,,gap,up gap,NYC gap,,10,The General,solo,Hardies,
44,11/4/22,10,Stevie Williams,sw manual to sw 360 flip,,1,switch,,,,,,pad,,Pier 7,,1,Zeitgeist,company,DGK,
44,11/4/22,9,Nick Dias,360 flip,1,,regular,,1,,,,flat,,,triple replay,2,Zeitgeist,company,DGK,
44,11/4/22,8,Brian Delatorre,fs 5050 to fs 5050,,,regular,,1,,,,ledge,gap to ledge to ledge,,,3,Live & Direct,solo,Habitat,
44,11/4/22,7,Davis Sarvey,fs lipslide,,,regular,,,1,,,hubba,,,,4,MILO,homie,,
44,11/4/22,6,Liam McCabe,nollie bs kickflip,1,,nollie,,1,,1,,stairs,,,run that back turbo,5,HSS Video 2,company,Halloween Stickers Skateboards,
44,11/4/22,5,Max McLaughlin,ollie to deck bonk,,,regular,1,1,,,1,gap,,,,6,MILO,homie,,
44,11/4/22,4,Will Mazzari,fakie hardflip to sw fs 5-0,1, ,nollie,1,,,,,ledge,,Pulaski,,7,Zeitgeist,company,DGK,
44,11/4/22,3,Brian Reid,bs noseblunt to nollie fs shuv,,,regular,,,,1,,ledge,into bank,nyc courthouse,,8,Zeitgeist,company,DGK,
44,11/4/22,2,Billy Lukins,varial heelflip,,,regular,1,1,,,,flat,over block,melbourne museum,,9,RUNNER UP,company,Poolroom,
44,11/4/22,1,Toby Ryan,hardflip,,,regular,1,1,,,,gap,over wall,,,10,MILO,homie,,
45,11/11/22,10,Heitor Da Silva,hardflip to fakie,1,,regular,1,1,,,,transition,miniramp,,2 clips,1,Folkets,company,Adidas,
45,11/11/22,9,Stafhon Boca,sw fs kickflip,1,1,switch,,,,,,gap,bump to gap,,,2,You Deserve It,company,Alltimers,
45,11/11/22,8,Dana Ericson,fs noseblunt to nollie kickflip,,,regular,,,,,,ledge,,,,3,You Deserve It,company,Alltimers,
45,11/11/22,7,Aaron Loreth,nollie bs 180 to fakie manual to halfcab to manual to bs 180 to fakie manual,,,nollie,1,,,,,pad,pad to pad,PDX fountain,combo,4,Carpool,company,Stussy,
45,11/11/22,6,Salomon Cardenas,sw kickflip,,,switch,,,1,,,gap,into hill,,,5,You Deserve It,company,Alltimers,
45,11/11/22,5,Will Marshall,360 flip to bs noseslide,,,regular,,,,,,ledge,into bank,,,6,You Deserve It,company,Alltimers,
45,11/11/22,4,Cyrus Bennett,bs 5050 to kickflip transfer,,,regular,1,1,,1,,flat rail,up rail,,,7,HUF x NIKE SB,company,HUF x NIKE SB,
45,11/11/22,3,Elijah Odom,fs nosegrind,,,regular,,,,,,ledge,,,,8,You Deserve It,company,Alltimers,
45,11/11/22,2,Nick Matthews,bs smith,,,regular,1,1,,,,flat rail,bump to rail,,,9,HUF x NIKE SB,company,HUF x NIKE SB,
45,11/11/22,1,Zered Bassett,sw bs wallride hippie jump,,1,switch,1,,,,1,wall,bank to wall,,,10,You Deserve It,company,Alltimers,
46,11/18/22,10,Alexis Ramirez,ride-on fs crook,,,regular,1,1,,,,flat rail,tram tracks,,,1,Masaki Hongo & Alexis Ramirez for SK8MAFIA,company,SK8MAFIA,
46,11/18/22,9,Matt Finley,fs nosegrind,,,regular,1,1,,, ,ledge,curved ledge,,around corner,2,JAGEN,company,GX1000,
46,11/18/22,8,Cruise Mosberg,bs 180 to fakie manual to halfcab,,,regular,,,,,,pad,into bank,,,3,Rarity,homie,,
46,11/18/22,7,Jake Cortez,halfcab kickflip to manual to bs revert to fakie manual to fakie kickflip,,,fakie,,,,,,pad,,,,4,Rarity,homie,,
46,11/18/22,6,Masaki Hongo,late bs bigspin,,,regular,1,1,,,1,stairs,,,mindbender,5,Masaki Hongo & Alexis Ramirez for SK8MAFIA,company,SK8MAFIA,
46,11/18/22,5,Mitch Barrette,bs nosegrind to nollie heelflip,,,regular,,,,,,ledge,,,,6,,,,1
46,11/18/22,4,Willow Voges Fernandes,fs noseslide to fakie,,,regular,1,1,,,,ledge,into bank,,into stairs,7,JAGEN,company,GX1000,
46,11/18/22,3,Noah Nayef,bs bigfip,,,regular,,1,,,,stairs,,,quick feet,8,April,solo,April,
46,11/18/22,2,Ronnie Sandoval,bs bean plant,,,regular,,,,,,transition,concrete skatepark,,,9,Home Again,solo,Dickies,
46,11/18/22,1,Smiler Perez,nollie heelflip,,,nollie,,,1,,,flat,into bank,,,10,Rarity,homie,,
47,11/25/22,10,Ben Saint Aubin,bs tailslide to bs 270,,,regular,1,1,,,,ledge,outledge,,triple replay,1,Home Again,company,Blue Tile Lounge,
47,11/25/22,9,Vitoria Mendonça,heelflip to firecracker,,,regular,1,,,1,,gap,,max palmer fountain,woman,2,ESP Volume 2,company,Element,
47,11/25/22,8,Sean Greene,bs 360 to bs wallride,,,regular,1,,,,,wall,kicker to wall,,roll down door,3,Pescado,homie,Deep Fried,
47,11/25/22,7,Marcello Campanello,bs 270 cab to bs tail to bs shuv,1,,fakie,,,,1,,ledge,,citi field benches,,4,Maxallure,solo,Maxallure,
47,11/25/22,6,Casper Brooker,bs crook to hippie jump,,,regular,,,,,,flat rail,flat rail to gap,,,5,Atlantic Drift 12,solo,Atlantic Drift,
47,11/25/22,5,Madars Apse,nosegrind to wall ride,,,regular,1,1,,,1,ledge,up ledge,,,6,ESP Volume 2,company,Element,
47,11/25/22,4,Vinicius Costa,ollie,,,regular,,1,1,,,gap,rooftop,,quick feet,7,ESP Volume 2,company,Element,
47,11/25/22,3,Mason Colleti,fs kickflip,1,,regular,,,,,,stairs,,Yerba Buena,7 trick line,8,Pescado,homie,Deep Fried,
47,11/25/22,2,Eetu Toropainen,bs 180 to fakie manual to sw fs 5-0,,,regular,,1,,,,pad,pad to hubba,,combo,9,ESP Volume 2,company,Element,
47,11/25/22,1,Tyshawn Jones,sw ollie,,1,switch,,,,,,gap,over picnic table,,end of discussion,10,,,,1
48,12/2/22,10,Peter Stantchev,ollie to fs wallride,1,,regular,,,,,1,wall,,,,1,Horror Vacui,solo,,
48,12/2/22,9,John Clemmons,sw bs tailslide,,1,switch,,1,,,,ledge,into bank,,,2,Speed Trials,company,Darkroom,
48,12/2/22,8,Mariah Duran,hardflip,,,regular,1,1,,,,stairs,,,woman,3,Thunder Trucks,company,Thunder,
48,12/2/22,7,Deedz,bs noseblunt,1,,regular,,,,,,ledge,into bank,,,4,HVVS,solo,,
48,12/2/22,6,Gustav Tonnesen,sw hardflip to bs tailslide,1,1,switch,,,,,,ledge,,,euramp,5,Jante - 11:00,homie,,
48,12/2/22,5,Nisse Ingemarsson,bs boardslide to fs shuv to 5050,,,regular,1,1,,,1,flat rail,rail to rail,,,6,,,,
48,12/2/22,4,Davide Holznecht,halfcab to bs noseslide to sw fs 270 to fakie manual,1,,fakie,1,1,,,,ledge,,,combo,7,Davide,solo,Helas,
48,12/2/22,3,Vincent Huhta,bs crook,1,,regular,1,1,,,,ledge,into bank,,into stairs,8,,,,
48,12/2/22,2,Noah Mahieu,bs noseslide to bs 5050,,,regular,1,,,,,hubba,,,,9,Magic Mirror,solo,,
48,12/2/22,1,Olli Lilja,bs tailslide,,,regular,1,1,,,,ledge,outledge,,,10,Good Riddance,company,Bye Jeremy,
49,12/9/22,10,Dan Lundy,slappy bs 5050,,,regular,,,,,,curb,around corner,,,1,DUPLEX 4,homie,,
49,12/9/22,9,Sage Elsesser,fs noseblunt,1,,regular,,,,1,,ledge,,Flushings Fountain,,2,Play Dead,company,Supreme,
49,12/9/22,8,Kris Brown,kickflip to bs tailslide to bs bigspin,,,regular,1,1,,1,,handrail,,,,3,Play Dead,company,Supreme,
49,12/9/22,7,Patrick O'Mara,bs 360,,,regular,,,,1,,stairs,,,,4,Play Dead,company,Supreme,
49,12/9/22,6,Ben Kadow,bs boardslide,,,regular,1,1,,1,,handrail,knobbed,,,5,Play Dead,company,Supreme,
49,12/9/22,5,Jace Detomasso,ollie,,,regular,1,,,,,gap,over rail,Miami Leap of Fait,bigger than leap of faith,6,DUPLEX 4,homie,,
49,12/9/22,4,Louie Lopez,manual to bs bigspin,1,,regular,,,,,,pad,,Bay Blocks,,7,As You Wish,company,CONS,
49,12/9/22,3,Sully Cormier,no comply,,,regular,,,,1,1,stairs,up stairs,,,8,Play Dead,company,Supreme,
49,12/9/22,2,T Funk,bs 180,,,regular,1,1,,,,gap,into bank,Ocean Beach wall,,9,Deep Fried x Baer,company,Deep Fried x Baker,
49,12/9/22,1,Tyshawn Jones,bs kickflip,,,regular,1,1,,1,,gap,flat gap,Subway Gap,,10,,,,1
50,12/16/22,10,Rezza Honarvar,fakie kickflip,1,,fakie,,1,,,,gap,,,2 clips,1,Rascal,homie,,
50,12/16/22,9,Josh Wolff,bs 360,,,regular,1,1,,,,gap,,,,2,Rascal,homie,,
50,12/16/22,8,Elijah Odom,fs 5050,,,regular,,,,,,ledge,bump to bar to ledge,,,3,Rascal,homie,,
50,12/16/22,7,Mark Del Negro,nollie fs kickflip,1,,nollie,,,,,,gap,,Muni,,4,untitled 006,homie,,
50,12/16/22,6,Rob Maatman,bs nosegrind,,,regular,1,,,,1,ledge,,,insane ,5,Hollandsch Diep,company,Carhartt WIP,
50,12/16/22,5,Matlock Bennett-Jones,fs lipslide,1,,regular,,,,,,handrail,,,quick feet,6,MBJ,company,Passport,
50,12/16/22,4,Kevin Baekkel,fs 5050,1,,regular,1,1,,,,flat rail,into bank,,gnarly hill bomb,7,Empower,company,Emerica,
50,12/16/22,3,Quel Haddox,fs 5050,,,regular,,,,1,1,hubba,up hubba,NYC hubba to ledge,,8,untitled 006,homie,,
50,12/16/22,2,Walker Ryan,bs nosegrind to nollie fs kickflip,,,regular,,,,1,,ledge,outledge,pyramid ledges,,9,,,,1
50,12/16/22,1,Drake Johnson,fakie ollie,,,fakie,1,1,,1,,gap,over handrail,columbus park,straight over handrail,10,See You Later,solo,,