trick,video,cnt
FS Nosebluntslide,warfare,3
FS Nosebluntslide,slap part,1
FS Nosebluntslide,lo-tide,1
FS Nosebluntslide,cold war,2
FS Nosebluntslide,3d welcomes,1
FS Nosebluntslide,out of sync,3
FS Nosebluntslide,tom k. x wugazi,1
FS Nosebluntslide,hi-tide,2
FS Nosebluntslide,brighton 344,0
FS Nosebluntslide,substance,5
FS Nosebluntslide,keeping the flame,4
FS Nosebluntslide,aunt tammy vol. 3,2
FS Nosebluntslide,string theory,7
FS Nosebluntslide,enter the museum,1
FS Nosebluntslide,wknd,3
FS Nosebluntslide,cutting corners ep.1,2
FS Nosebluntslide,backwash,1
FS nosegrind,warfare,3
FS nosegrind,slap part,3
FS nosegrind,lo-tide,2
FS nosegrind,cold war,5
FS nosegrind,3d welcomes,1
FS nosegrind,out of sync,1
FS nosegrind,tom k. x wugazi,0
FS nosegrind,hi-tide,3
FS nosegrind,brighton 344,2
FS nosegrind,substance,5
FS nosegrind,keeping the flame,3
FS nosegrind,aunt tammy vol. 3,2
FS nosegrind,string theory,6
FS nosegrind,enter the museum,4
FS nosegrind,wknd,1
FS nosegrind,cutting corners ep.1,1
FS nosegrind,backwash,0
FS 5-0,warfare,3
FS 5-0,slap part,3
FS 5-0,lo-tide,4
FS 5-0,cold war,2
FS 5-0,3d welcomes,0
FS 5-0,out of sync,0
FS 5-0,tom k. x wugazi,0
FS 5-0,hi-tide,1
FS 5-0,brighton 344,1
FS 5-0,substance,0
FS 5-0,keeping the flame,0
FS 5-0,aunt tammy vol. 3,0
FS 5-0,string theory,2
FS 5-0,enter the museum,1
FS 5-0,wknd,2
FS 5-0,cutting corners ep.1,0
FS 5-0,backwash,1
FS 5050,warfare,5
FS 5050,slap part,4
FS 5050,lo-tide,4
FS 5050,cold war,4
FS 5050,3d welcomes,1
FS 5050,out of sync,2
FS 5050,tom k. x wugazi,0
FS 5050,hi-tide,2
FS 5050,brighton 344,0
FS 5050,substance,4
FS 5050,keeping the flame,4
FS 5050,aunt tammy vol. 3,2
FS 5050,string theory,4
FS 5050,enter the museum,7
FS 5050,wknd,3
FS 5050,cutting corners ep.1,1
FS 5050,backwash,6
Pole jam,warfare,0
Pole jam,slap part,0
Pole jam,lo-tide,1
Pole jam,cold war,0
Pole jam,3d welcomes,1
Pole jam,out of sync,1
Pole jam,tom k. x wugazi,0
Pole jam,hi-tide,4
Pole jam,brighton 344,0
Pole jam,substance,2
Pole jam,keeping the flame,2
Pole jam,aunt tammy vol. 3,1
Pole jam,string theory,4
Pole jam,enter the museum,2
Pole jam,wknd,3
Pole jam,cutting corners ep.1,2
Pole jam,backwash,3
Smith grind,warfare,5
Smith grind,slap part,1
Smith grind,lo-tide,1
Smith grind,cold war,1
Smith grind,3d welcomes,1
Smith grind,out of sync,1
Smith grind,tom k. x wugazi,1
Smith grind,hi-tide,1
Smith grind,brighton 344,0
Smith grind,substance,2
Smith grind,keeping the flame,3
Smith grind,aunt tammy vol. 3,2
Smith grind,string theory,2
Smith grind,enter the museum,1
Smith grind,wknd,0
Smith grind,cutting corners ep.1,1
Smith grind,backwash,0
Crooked grind,warfare,3
Crooked grind,slap part,1
Crooked grind,lo-tide,2
Crooked grind,cold war,1
Crooked grind,3d welcomes,0
Crooked grind,out of sync,1
Crooked grind,tom k. x wugazi,1
Crooked grind,hi-tide,1
Crooked grind,brighton 344,0
Crooked grind,substance,3
Crooked grind,keeping the flame,0
Crooked grind,aunt tammy vol. 3,0
Crooked grind,string theory,5
Crooked grind,enter the museum,2
Crooked grind,wknd,2
Crooked grind,cutting corners ep.1,3
Crooked grind,backwash,2
Ollie,warfare,12
Ollie,slap part,5
Ollie,lo-tide,11
Ollie,cold war,7
Ollie,3d welcomes,6
Ollie,out of sync,4
Ollie,tom k. x wugazi,1
Ollie,hi-tide,12
Ollie,brighton 344,4
Ollie,substance,12
Ollie,keeping the flame,6
Ollie,aunt tammy vol. 3,3
Ollie,string theory,16
Ollie,enter the museum,4
Ollie,wknd,10
Ollie,cutting corners ep.1,4
Ollie,backwash,10
FS Tailslide,warfare,3
FS Tailslide,slap part,4
FS Tailslide,lo-tide,1
FS Tailslide,cold war,3
FS Tailslide,3d welcomes,2
FS Tailslide,out of sync,0
FS Tailslide,tom k. x wugazi,0
FS Tailslide,hi-tide,1
FS Tailslide,brighton 344,1
FS Tailslide,substance,0
FS Tailslide,keeping the flame,2
FS Tailslide,aunt tammy vol. 3,2
FS Tailslide,string theory,3
FS Tailslide,enter the museum,0
FS Tailslide,wknd,1
FS Tailslide,cutting corners ep.1,0
FS Tailslide,backwash,1
BS Tailslide,warfare,4
BS Tailslide,slap part,0
BS Tailslide,lo-tide,0
BS Tailslide,cold war,2
BS Tailslide,3d welcomes,0
BS Tailslide,out of sync,1
BS Tailslide,tom k. x wugazi,0
BS Tailslide,hi-tide,1
BS Tailslide,brighton 344,0
BS Tailslide,substance,1
BS Tailslide,keeping the flame,1
BS Tailslide,aunt tammy vol. 3,0
BS Tailslide,string theory,0
BS Tailslide,enter the museum,0
BS Tailslide,wknd,1
BS Tailslide,cutting corners ep.1,1
BS Tailslide,backwash,0